{
    "grey": {
        "text": [
            69.6568514406681,
            73.43642503023148,
            83.51528540253639
        ],
        "darker": [
            25.077829733490944,
            25.875845812261105,
            30.065502896904945
        ],
        "dark": [
            57.7677758038044,
            60.28387539088726,
            73.49345237016678
        ],
        "default": [
            110.34228667616844,
            114.4236172735691,
            135.85152626037598
        ],
        "light": [
            211.0371646285057,
            212.904232442379,
            222.70741760730743
        ],
        "lighter": [
            241.80774629116058,
            243.02763283252716,
            249.4323107600212
        ]
    },
    "brand": {
        "text": [
            69.00000348687172,
            33.00000183284283,
            145.00000655651093
        ],
        "darker": [
            22.53116838634014,
            1.5041780238971114,
            64.58514958620071
        ],
        "dark": [
            61.65368288755417,
            19.012823179364204,
            153.6681166291237
        ],
        "default": [
            100.51279932260513,
            58.75330612063408,
            219.36681926250458
        ],
        "light": [
            178.77222955226898,
            154.72821414470673,
            247.2052350640297
        ],
        "lighter": [
            228.5489809513092,
            220.03800004720688,
            252.77292430400848
        ]
    },
    "success": {
        "text": [
            7.000000057742,
            80.00000283122063,
            45.00000111758709
        ],
        "darker": [
            1.9255926297046244,
            48.99563491344452,
            27.029614001512527
        ],
        "dark": [
            6.224137740209699,
            89.08296704292297,
            44.89159293472767
        ],
        "default": [
            25.674566812813282,
            133.62445056438446,
            68.85451689362526
        ],
        "light": [
            111.68436706066132,
            220.48034191131592,
            147.94969707727432
        ],
        "lighter": [
            196.060329079628,
            249.4323107600212,
            212.0719251036644
        ]
    },
    "warning": {
        "text": [
            129.00000751018524,
            97.00000181794167,
            4.000000236555934
        ],
        "darker": [
            92.42358058691025,
            63.53952929377556,
            1.2107892357744277
        ],
        "dark": [
            164.80349510908127,
            114.89466279745102,
            7.196658980101347
        ],
        "default": [
            237.1834096312523,
            193.26820850372314,
            17.60750088840723
        ],
        "light": [
            255,
            233.11905652284622,
            109.12664070725441
        ],
        "lighter": [
            253.88646215200424,
            245.75619041919708,
            192.90937095880508
        ]
    },
    "error": {
        "text": [
            113.00000086426735,
            19.0000007674098,
            33.00000183284283
        ],
        "darker": [
            85.74236109852791,
            2.9953662073239684,
            8.511833008378744
        ],
        "dark": [
            163.6899572610855,
            20.729295574128628,
            25.494654066860676
        ],
        "default": [
            214.91266787052155,
            47.86264590919018,
            53.43098111450672
        ],
        "light": [
            243.87621849775314,
            132.05524116754532,
            135.782613158226
        ],
        "lighter": [
            252.77292430400848,
            214.13951575756073,
            216.715047955513
        ]
    }
}